mode,repetition,background_target_mbps,background_actual_mbps,quic_goodput_mbps,quic_wire_mbps,background_wire_mbps,combined_wire_mbps,bottleneck_utilization_percent,duration_ms,final_rtt_us,final_cwnd_bytes,final_ect1_packets,final_ce_packets,captured_ect0_packets,captured_ect1_packets,captured_ce_packets,background_tcp_ecn_packets,quic_forward_drops,background_forward_drops,dualpi2_forward_drops,dualpi2_l4s_packets,dualpi2_ecn_marks
l4s-off,1,0,0.0,16.85326636446967,16.713140528606488,0.0,16.713140528606488,83.56570264303244,1990.975,2878,6019,0,0,0,0,0,0,192,0,188,0,0
l4s-off,2,0,0.0,16.820132568247885,16.851180609873797,0.0,16.851180609873797,84.25590304936898,1994.897,2722,9489,0,0,0,0,0,0,174,0,176,0,0
l4s-off,3,0,0.0,16.950646540074775,16.69285947849757,0.0,16.69285947849757,83.46429739248785,1979.537,4078,8760,0,0,0,0,0,0,182,0,205,0,0
l4s-off,4,0,0.0,16.89973059696268,17.073776207392154,0.0,17.073776207392154,85.36888103696076,1985.501,2870,7794,0,0,0,0,0,0,161,0,190,0,0
l4s-off,5,0,0.0,17.073509687110107,17.121939003027123,0.0,17.121939003027123,85.60969501513561,1965.292,2491,9167,0,0,0,0,0,0,197,0,200,0,0
l4s-off,1,5,5.036573,15.669265724517924,15.802968381896939,2.1006183211326745,17.903586703029614,89.51793351514807,2141.417,2368,5980,0,0,0,0,0,0,299,34,333,0,0
l4s-off,2,5,5.038939,15.363413258316667,15.428823199840313,2.9672101876383823,18.396033387478695,91.98016693739348,2184.048,2368,5541,0,0,0,0,0,0,308,43,350,0,0
l4s-off,3,5,5.037292,14.998566049340775,15.114059360111355,3.1044975494738027,18.218556909585157,91.09278454792579,2237.176,2274,3325,0,0,0,0,0,0,397,57,455,0,0
l4s-off,4,5,4.988324,15.452247579083874,15.792908718353221,2.3558163602095363,18.14872507856276,90.7436253928138,2171.492,3089,7163,0,0,0,0,0,0,315,36,351,0,0
l4s-off,5,5,5.02922,14.945742317767316,15.121219868664118,2.843763754977368,17.964983623641487,89.82491811820744,2245.083,3072,6580,0,0,0,0,0,0,444,70,516,0,0
l4s-off,1,10,10.045576,15.444068558004494,15.810976015378397,3.2073386280572644,19.018314643435662,95.09157321717832,2172.642,3137,4173,0,0,0,0,0,0,330,39,369,0,0
l4s-off,2,10,9.95656,15.32522033659878,15.477225433480791,2.8399476817796994,18.31717311526049,91.58586557630247,2189.491,5182,10723,0,0,0,0,0,0,369,54,423,0,0
l4s-off,3,10,10.003341,15.35782999411399,15.468901646562978,2.6935361992267675,18.162437845789746,90.81218922894874,2184.842,3842,10555,0,0,0,0,0,0,354,43,396,0,0
l4s-off,4,10,9.972034,15.075887068439531,15.136902079034096,3.1181119648572317,18.25501404389133,91.27507021945664,2225.702,2989,8039,0,0,0,0,0,0,373,69,442,0,0
l4s-off,5,10,10.00217,15.413753867284667,15.47536847922113,3.137520599520135,18.612889078741265,93.06444539370634,2176.915,3147,7925,0,0,0,0,0,0,363,45,408,0,0
l4s-off,1,20,14.232357,15.290463109965604,15.438580404011542,3.259534826070744,18.698115230082287,93.49057615041143,2194.468,3153,5554,0,0,0,0,0,0,318,45,363,0,0
l4s-off,2,20,13.937584,14.944111506203102,15.14277868580437,3.1321302411169922,18.274908926921363,91.37454463460682,2245.328,3340,7596,0,0,0,0,0,0,382,56,438,0,0
l4s-off,3,20,14.256116,15.088503179858632,15.467135380924997,3.1716952866039128,18.63883066752891,93.19415333764456,2223.841,2006,4103,0,0,0,0,0,0,308,43,351,0,0
l4s-off,4,20,14.29644,15.409202418488968,14.24182433983348,4.721054104671839,18.962878444505318,94.81439222252659,2177.558,3165,5708,0,0,0,0,0,0,371,51,422,0,0
l4s-off,5,20,13.984745,15.307734699761678,15.476225942307721,2.5576712596103235,18.033897201918045,90.16948600959023,2191.992,2158,5825,0,0,0,0,0,0,355,55,410,0,0
l4s-on,1,0,0.0,18.320198039479042,18.623952631133427,0.0,18.623952631133427,93.11976315566713,1831.554,1503,4496,3004,1465,0,8881,1456,0,2,0,0,8981,1504
l4s-on,2,0,0.0,18.303868452117296,18.62371110280233,0.0,18.62371110280233,93.11855551401165,1833.188,2099,6039,2955,1509,0,8795,1497,0,2,0,0,8965,1617
l4s-on,3,0,0.0,18.33110730394042,18.14661925043509,0.0,18.14661925043509,90.73309625217544,1830.464,1574,4262,3060,1402,0,8721,1391,0,1,0,0,8972,1591
l4s-on,4,0,0.0,18.366406013095077,18.655451071010813,0.0,18.655451071010813,93.27725535505407,1826.946,1821,5104,2609,1842,0,7928,1832,0,2,0,0,8958,2821
l4s-on,5,0,0.0,18.361019150941022,18.588980449218692,0.0,18.588980449218692,92.94490224609346,1827.482,1564,4598,2832,1633,0,8821,1629,0,3,0,0,8966,1720
l4s-on,1,5,5.042221,13.763227462769336,13.980763242207775,4.648436250601312,18.629199492809086,93.14599746404542,2437.977,1530,3163,2716,1596,0,7890,1596,0,376,84,471,9330,3381
l4s-on,2,5,5.032101,13.534067666240329,13.941585164523968,4.981239629098971,18.922824793622937,94.61412396811468,2479.257,1188,3309,2121,2099,0,8403,2099,0,468,27,495,9453,3771
l4s-on,3,5,5.049103,13.066728869840249,13.481958274237892,4.9984102437249325,18.480368517962823,92.40184258981412,2567.929,1699,3290,2705,1615,0,7940,1615,0,487,69,559,9462,3431
l4s-on,4,5,4.998303,13.551235887171684,13.978645920958552,4.441144567456515,18.419790488415067,92.09895244207533,2476.116,1882,4015,2887,1435,0,8153,1435,0,450,134,600,9441,3036
l4s-on,5,5,5.010722,14.052340672530319,14.254728448940185,4.295047227445125,18.54977567638531,92.74887838192654,2387.818,1395,3904,2676,1612,0,7928,1612,0,420,47,467,9354,3428
l4s-on,1,10,9.952933,14.274752043508633,14.555278468594958,4.563712724405455,19.11899119300041,95.59495596500206,2350.614,1508,3782,2443,1852,0,8280,1854,0,450,65,515,9423,3472
l4s-on,2,10,9.954136,13.960293930424928,14.223332667427023,4.876184603308817,19.09951727073584,95.49758635367921,2403.562,1383,3161,2602,1661,0,7828,1662,0,417,38,456,9341,3578
l4s-on,3,10,10.006238,13.593210369176049,13.981513331559954,5.07235901624349,19.053872347803445,95.26936173901723,2468.47,1487,3430,2253,2051,0,8516,2051,0,410,40,451,9349,3460
l4s-on,4,10,10.00838,12.672029632393512,12.95430833908816,5.837200625960211,18.791508965048372,93.95754482524185,2647.913,1582,4221,2273,1945,0,8326,1945,0,516,30,546,9470,3608
l4s-on,5,10,9.957353,14.122283240010908,14.549703298026124,4.6601522040663435,19.209855502092466,96.04927751046233,2375.992,809,3122,2233,2028,0,8519,2030,0,421,34,455,9395,3537
l4s-on,1,20,14.202539,15.084901266514773,15.507219038199938,3.903213054674203,19.410432092874142,97.0521604643707,2224.372,980,3811,1997,2316,0,8760,2317,0,243,33,277,9197,3818
l4s-on,2,20,14.423289,14.744754768452237,15.108351711895903,4.178293918763485,19.286645630659386,96.43322815329694,2275.686,1151,4252,2248,2067,0,8671,2069,0,302,48,350,9244,3480
l4s-on,3,20,14.393933,14.653467041478027,15.145679248953062,3.9544968865357104,19.100176135488773,95.50088067744386,2289.863,1804,3649,2306,1936,0,8123,1938,0,300,36,336,9260,3814
l4s-on,4,20,14.323344,14.109177575131433,14.517363206855947,4.476140406098737,18.993503612954683,94.96751806477342,2378.199,1612,3685,2282,1915,0,8249,1916,0,410,35,446,9361,3673
l4s-on,5,20,14.3366,13.334903902020676,13.612112342003632,5.466051098196193,19.078163440199823,95.39081720099911,2516.286,1713,3756,2265,2006,0,8391,2007,0,443,62,506,9415,3745
l4s-ect0,1,0,0.0,17.4125656971579,17.378481469134602,0.0,17.378481469134602,86.892407345673,1927.024,2717,10830,0,185,8182,0,180,0,5,0,0,0,304
l4s-ect0,2,0,0.0,17.205583410162824,17.02528135942373,0.0,17.02528135942373,85.12640679711865,1950.206,2703,13231,0,181,8094,0,180,0,2,0,1,0,377
l4s-ect0,3,0,0.0,17.401593889554146,16.90511284675781,0.0,16.90511284675781,84.52556423378905,1928.239,3501,6690,0,217,8197,0,209,0,2,0,0,0,359
l4s-ect0,4,0,0.0,17.236473210455994,16.9067963887012,0.0,16.9067963887012,84.53398194350599,1946.711,3166,4273,0,222,8136,0,214,0,4,0,0,0,409
l4s-ect0,5,0,0.0,17.230728781529866,16.922875679990106,0.0,16.922875679990106,84.61437839995052,1947.36,3946,5150,0,211,8187,0,208,0,1,0,0,0,333
l4s-ect0,1,5,4.975366,14.894095881338808,15.170370711673092,2.6807163726027126,17.851087084275804,89.25543542137902,2252.868,2866,6015,0,139,9137,0,139,0,387,126,526,0,159
l4s-ect0,2,5,4.974091,15.573190360470578,15.813801049871072,2.944525837332886,18.758326887203957,93.79163443601979,2154.628,2792,7223,0,339,9073,0,339,0,220,75,296,0,345
l4s-ect0,3,5,4.982402,15.08524035638725,15.46745550188735,2.865425432833052,18.332880934720404,91.66440467360202,2224.322,3101,9832,0,287,9158,0,287,0,309,80,390,0,290
l4s-ect0,4,5,5.033942,16.284741004900308,16.537528545302905,1.776381821316763,18.31391036661967,91.56955183309834,2060.483,2572,7667,0,445,8962,0,445,0,129,48,177,0,448
l4s-ect0,5,5,4.985735,15.92013937652538,15.826868823421547,2.237228587347217,18.064097410768763,90.3204870538438,2107.672,3951,8191,0,392,9101,0,392,0,160,60,220,0,392
l4s-ect0,1,10,9.957709,16.48755440051456,16.52936448765192,2.520120716349256,19.04948520400118,95.2474260200059,2035.137,2420,5797,0,426,8996,0,426,0,169,59,228,0,427
l4s-ect0,2,10,9.965162,15.041299611801938,15.148974301784333,3.3348822162965654,18.4838565180809,92.41928259040449,2230.82,2677,7040,0,124,9197,0,124,0,393,103,501,0,135
l4s-ect0,3,10,10.005868,16.288930863956605,16.54206701355833,2.4309562130834896,18.97302322664182,94.8651161332091,2059.953,2500,4727,0,428,9045,0,428,0,142,60,202,0,429
l4s-ect0,4,10,9.957301,16.098325467545408,16.18103573555208,2.5456728591047173,18.726708594656795,93.63354297328398,2084.343,3105,4974,0,364,9041,0,364,0,178,54,232,0,365
l4s-ect0,5,10,10.005744,15.34088007988091,15.461652560445154,2.945691899175345,18.4073444596205,92.0367222981025,2187.256,3619,8230,0,363,9159,0,363,0,259,65,325,0,363
l4s-ect0,1,20,14.230045,16.26329585110508,16.17740371682041,2.267939060990292,18.4453427778107,92.2267138890535,2063.2,3003,5924,0,427,9070,0,427,0,234,78,312,0,428
l4s-ect0,2,20,14.424507,16.357666393506157,16.574500778321454,2.6318514097369166,19.20635218805837,96.03176094029186,2051.297,2226,6696,0,476,9088,0,476,0,140,54,194,0,479
l4s-ect0,3,20,13.343329,17.837997092072843,17.818975684224473,0.8305947996580695,18.649570483882542,93.24785241941271,1881.065,3324,6248,0,541,8970,0,541,0,3,43,47,0,544
l4s-ect0,4,20,14.461334,16.9913752942082,17.3492295018377,1.9437810690395259,19.29301057087723,96.46505285438614,1974.792,3241,6879,0,480,8968,0,480,0,29,49,78,0,480
l4s-ect0,5,20,14.254321,16.427933492058596,16.579819948000562,2.4711592316138837,19.050979179614444,95.25489589807222,2042.523,3596,7275,0,434,9139,0,434,0,179,66,246,0,435
