time_us,rtt_us,cwnd_bytes,bytes_in_flight,pacing_Bps,ect1_packets,ce_packets,alpha_numerator,alpha_denominator
10368,5589,15360,15615,3435319,0,0,0,1
20584,6278,18391,19830,3661795,3,0,0,1
30682,7552,19627,20073,3248642,4,0,0,1
40813,11701,9933,17679,2607199,4,2,0,1
50945,17439,10123,15285,2607199,4,4,0,1
61076,24418,10270,12891,2607199,4,6,0,1
71328,28279,10332,11694,2607199,4,7,0,1
81494,32460,10389,10552,2607199,4,8,0,1
91718,52715,10679,10685,2607199,4,15,0,1
101879,49830,5344,8915,2607199,4,18,0,1
112010,49830,5344,8915,2607199,4,18,0,1
122196,37996,3187,2935,2607199,5,27,921,1024
132362,37996,3187,4430,2607199,5,27,921,1024
142520,31247,3461,4430,2607199,5,30,921,1024
152727,28091,3164,4375,2607199,5,31,1,1
162876,24882,3333,4320,2607199,5,33,1,1
173011,24882,3333,4430,2607199,5,33,1,1
183153,23864,3233,4485,2607199,5,36,1,1
193436,23864,3233,4595,2607199,5,36,1,1
203707,19870,3216,4430,2607199,5,42,1,1
213898,17994,3139,4375,2607199,5,44,1,1
224104,17251,3204,4485,2607199,5,45,1,1
234391,16792,3136,4430,2607199,5,48,1,1
244617,16882,3196,4485,2607199,5,49,1,1
254847,17085,3255,4430,2607199,5,52,1,1
265144,16838,3182,4485,2607199,5,55,1,1
275322,16838,3182,4430,2607199,5,55,1,1
285561,17001,3234,4540,2607199,5,56,1,1
295752,18152,3177,4540,2607199,5,60,1,1
305967,18152,3177,4595,2607199,5,60,1,1
316231,18315,3160,4430,2607199,9,61,31,32
326510,19064,3367,4375,2607199,13,61,31,32
336765,19064,3367,4485,2607199,13,61,31,32
347002,19333,3203,4595,2607199,15,61,465,512
357158,19796,3423,4430,2607199,21,61,871,1024
367433,19796,3423,4485,2607199,21,61,871,1024
377601,19551,3601,4485,2607199,24,61,871,1024
387867,19796,3660,4540,2607199,28,61,51,64
398092,19796,3660,4595,2607199,28,61,51,64
408365,18704,3755,4540,2607199,34,61,765,1024
418638,17128,3820,4485,2607199,39,61,717,1024
428872,17128,3820,4595,2607199,39,61,717,1024
439156,17446,3603,4595,2607199,44,61,21,32
449418,17603,3857,4485,2607199,45,64,21,32
459575,17604,3636,4595,2607199,47,64,657,1024
469861,17634,3348,4540,2607199,48,68,819,1024
480124,17634,3348,4595,2607199,48,68,819,1024
490544,16410,3389,4485,2607199,56,68,767,1024
500998,16410,3389,4540,2607199,56,68,767,1024
511382,16923,3933,4595,2607199,59,68,767,1024
521722,15776,3999,4485,2607199,64,70,733,1024
531963,14866,3400,4430,2607199,68,70,687,1024
542201,14508,3699,4540,2607199,69,70,687,1024
552546,12855,3691,4430,2607199,70,74,341,512
562834,12785,3959,4375,2607199,70,75,341,512
573148,13831,3678,4320,2607199,70,77,341,512
583582,14491,4185,4320,2607199,70,79,341,512
593964,14311,3663,4375,2607199,70,81,1,1
604342,13836,3920,4375,2607199,70,82,1,1
614626,13373,3652,4375,2607199,70,84,1,1
624833,14370,4140,4320,2607199,70,86,1,1
635118,14662,3369,4320,2607199,70,87,1,1
645349,15152,3885,4320,2607199,70,89,1,1
655659,15356,4115,4375,2607199,70,90,1,1
665860,17350,3867,4430,2607199,70,93,1,1
676104,15946,4093,4375,2607199,70,94,1,1
686401,15536,3612,4320,2607199,70,96,1,1
696718,15843,4070,4320,2607199,70,98,1,1
706916,16069,3600,4320,2607199,70,100,1,1
717299,16069,3600,4375,2607199,70,100,1,1
727559,17806,3342,4430,2607199,70,103,1,1
737822,15743,3816,4375,2607199,70,105,1,1
748024,16112,3579,4320,2607199,70,107,1,1
758272,16206,3804,4320,2607199,70,108,1,1
768625,16314,3331,4320,2607199,70,110,1,1
778981,16314,3331,4430,2607199,70,110,1,1
789314,16481,3325,4430,2607199,70,114,1,1
799498,15902,3557,4375,2607199,70,115,1,1
809704,16199,3976,4320,2607199,70,117,1,1
819938,16250,3548,4320,2607199,70,119,1,1
830241,16329,3760,4320,2607199,70,120,1,1
840543,16329,3760,4430,2607199,70,120,1,1
850868,16556,3747,4430,2607199,70,124,1,1
861166,16086,3310,4320,2607199,70,126,1,1
871348,15346,3529,4320,2607199,70,127,1,1
881731,13510,3310,4375,2607199,71,128,501,512
891987,13398,3737,4430,2607199,72,129,501,512
902326,12379,3528,4320,2607199,72,131,501,512
912611,12351,3310,4320,2607199,73,131,501,512
922839,11985,3744,4320,2607199,75,131,501,512
933107,13114,3535,4320,2607199,75,133,15,16
943291,13567,3743,4320,2607199,75,134,15,16
953562,13567,3743,4430,2607199,75,134,15,16
963875,14897,3731,4375,2607199,75,138,1,1
974292,14811,3521,4320,2607199,75,140,1,1
984704,15104,3723,4320,2607199,75,141,1,1
995013,15482,3301,4320,2607199,75,143,1,1
1005307,15655,3513,4375,2607199,75,144,1,1
1015663,17492,3297,4430,2607199,75,147,1,1
1025874,16069,3505,4375,2607199,75,148,1,1
1036173,15716,3294,4320,2607199,75,150,1,1
1046666,16075,3693,4320,2607199,75,152,1,1
1056978,16229,3290,4320,2607199,75,154,1,1
1067165,16229,3290,4375,2607199,75,154,1,1
1077382,18036,3862,4430,2607199,75,157,1,1
1087866,15873,3485,4375,2607199,75,159,1,1
1098086,16125,3849,4320,2607199,75,161,1,1
1108299,16173,3282,4320,2607199,75,162,1,1
1118486,16289,3662,4320,2607199,75,164,1,1
1128683,16289,3662,4430,2607199,75,164,1,1
1138981,18792,3485,1500,2607199,75,167,1,1
1149229,18792,3485,1610,2607199,75,167,1,1
1159451,18751,3668,220,2607199,76,170,1,1
1169754,18751,3668,275,2607199,76,170,1,1
1179981,18751,3668,385,2607199,76,170,1,1
1190297,18751,3668,495,2607199,76,170,1,1
1200623,17779,3120,165,2607199,84,170,61,64
1210970,17779,3120,220,2607199,84,170,61,64
1221274,17779,3120,330,2607199,84,170,61,64
1231590,17779,3120,440,2607199,84,170,61,64
1241874,16917,3123,110,2607199,92,170,915,1024
1252114,16917,3123,165,2607199,92,170,915,1024
1262372,16917,3123,275,2607199,92,170,915,1024
1272685,16917,3123,385,2607199,92,170,915,1024
1282970,16917,3123,495,2607199,92,170,915,1024
1293246,16146,3125,110,2607199,100,170,857,1024
1303594,16146,3125,220,2607199,100,170,857,1024
1313841,16146,3125,330,2607199,100,170,857,1024
1324113,16146,3125,385,2607199,100,170,857,1024
1334418,16146,3125,495,2607199,100,170,857,1024
1344653,15485,3128,165,2607199,108,170,803,1024
1354901,15485,3128,275,2607199,108,170,803,1024
1365240,15485,3128,330,2607199,108,170,803,1024
1375503,15485,3128,440,2607199,108,170,803,1024
1385907,14908,3131,110,2607199,116,170,47,64
1396204,14908,3131,220,2607199,116,170,47,64
1406518,14908,3131,275,2607199,116,170,47,64
1416817,14908,3131,385,2607199,116,170,47,64
1427053,14908,3131,495,2607199,116,170,47,64
1437330,14384,3133,165,2607199,124,170,705,1024
1447604,14384,3133,220,2607199,124,170,705,1024
1457874,14384,3133,330,2607199,124,170,705,1024
1468111,14384,3133,440,2607199,124,170,705,1024
1478377,13871,3135,110,2607199,132,170,165,256
1488595,13871,3135,165,2607199,132,170,165,256
1498826,13871,3135,275,2607199,132,170,165,256
1509024,13871,3135,385,2607199,132,170,165,256
1519265,13871,3135,440,2607199,132,170,165,256
1529522,13454,3137,110,2607199,140,170,309,512
1539797,13454,3137,220,2607199,140,170,309,512
1550083,13454,3137,330,2607199,140,170,309,512
1560334,13454,3137,385,2607199,140,170,309,512
1570618,13454,3137,495,2607199,140,170,309,512
1580921,13454,3137,605,2607199,140,170,309,512
1591165,13454,3137,715,2607199,140,170,309,512
1601362,13454,3137,715,2607199,140,170,309,512
1611590,12202,3184,0,2607199,155,170,579,1024
